{

	"metadata" :
	{
		"formatVersion" : 3.1,
		"generatedBy"   : "Blender 2.65 Exporter",
		"vertices"      : 28,
		"faces"         : 25,
		"normals"       : 8,
		"colors"        : 0,
		"uvs"           : [23],
		"materials"     : 3,
		"morphTargets"  : 0,
		"bones"         : 0
	},

	"scale" : 1.000000,

	"materials" : [	{
		"DbgColor" : 15658734,
		"DbgIndex" : 0,
		"DbgName" : "sides",
		"blending" : "NormalBlending",
		"colorAmbient" : [0.6400000190734865, 0.23929660676861708, 0.4167084279165927],
		"colorDiffuse" : [0.6400000190734865, 0.23929660676861708, 0.4167084279165927],
		"colorSpecular" : [0.5, 0.5, 0.5],
		"depthTest" : true,
		"depthWrite" : true,
		"mapDiffuse" : "custom_uv_diag.png",
		"mapDiffuseWrap" : ["repeat", "repeat"],
		"shading" : "Lambert",
		"specularCoef" : 50,
		"transparency" : 1.0,
		"transparent" : false,
		"vertexColors" : false
	},

	{
		"DbgColor" : 15597568,
		"DbgIndex" : 1,
		"DbgName" : "front",
		"blending" : "NormalBlending",
		"colorAmbient" : [0.6400000190734865, 0.5374223789188619, 0.22968952998056302],
		"colorDiffuse" : [0.6400000190734865, 0.5374223789188619, 0.22968952998056302],
		"colorSpecular" : [0.197247713804245, 0.197247713804245, 0.197247713804245],
		"depthTest" : true,
		"depthWrite" : true,
		"mapDiffuse" : "custom_uv_diag.png",
		"mapDiffuseWrap" : ["repeat", "repeat"],
		"shading" : "Lambert",
		"specularCoef" : 50,
		"transparency" : 1.0,
		"transparent" : false,
		"vertexColors" : false
	},

	{
		"DbgColor" : 60928,
		"DbgIndex" : 2,
		"DbgName" : "top",
		"blending" : "NormalBlending",
		"colorAmbient" : [0.2916978164270194, 0.29729249920386813, 0.6400000190734865],
		"colorDiffuse" : [0.2916978164270194, 0.29729249920386813, 0.6400000190734865],
		"colorSpecular" : [0.5, 0.5, 0.5],
		"depthTest" : true,
		"depthWrite" : true,
		"shading" : "Lambert",
		"specularCoef" : 50,
		"transparency" : 1.0,
		"transparent" : false,
		"vertexColors" : false
	}],

	"vertices" : [1,-1,-1,1,-1,1,-1,-1,1,-1,-1,-1,1,1,-1,1,1,1,-1,1,1,-1,1,-1,1,-3,-1,1,-3,1,-1,-3,1,-1,-3,-1,1,-5,-1,1,-5,1,-1,-5,1,-1,-5,-1,1,-7,-1,1,-7,1,-1,-7,1,-1,-7,-1,1,-9,-1,1,-9,1,-1,-9,1,-1,-9,-1,1,-11,-0.999999,1,-11,1,-1,-11,1,-1,-11,-1],

	"morphTargets" : [],

	"normals" : [-0.707083,0,0.707083,-0.707083,0,-0.707083,0.577349,0.577349,-0.577349,-0.577349,0.577349,-0.577349,-0.577349,0.577349,0.577349,0.577349,0.577349,0.577349,0.707083,0,-0.707083,0.707083,0,0.707083],

	"colors" : [],

	"uvs" : [[0,0,1,0,1,-1,0,-1,0,1,-1,1,-1,0,0.997106,0.000231,0.997105,1.00017,-0.00283,1.00017,-0.002829,0.000231,1,1,-1,-1,-0.002829,-0.999705,0.997106,-0.999705,-0.002829,-1.99964,0.997106,-1.99964,-0.002829,-2.99958,0.997106,-2.99958,-0.002829,-3.99951,0.997106,-3.99951,-0.002829,-4.99944,0.997106,-4.99944]],

	"faces" : [43,2,3,11,10,0,0,1,2,3,0,1,1,0,43,4,7,6,5,2,4,5,6,0,2,3,4,5,43,0,4,5,1,0,0,4,5,6,6,2,5,7,43,1,5,6,2,1,7,8,9,10,7,5,4,0,43,2,6,7,3,0,0,4,11,1,0,4,3,1,43,4,0,3,7,0,0,3,12,6,2,6,1,3,43,10,11,15,14,0,0,1,2,3,0,1,1,0,43,1,2,10,9,1,7,10,13,14,7,0,0,7,43,3,0,8,11,0,0,1,2,3,1,6,6,1,43,0,1,9,8,0,0,6,12,3,6,7,7,6,43,14,15,19,18,0,0,1,2,3,0,1,1,0,43,9,10,14,13,1,14,13,15,16,7,0,0,7,43,11,8,12,15,0,0,1,2,3,1,6,6,1,43,8,9,13,12,0,0,6,12,3,6,7,7,6,43,18,19,23,22,0,0,1,2,3,0,1,1,0,43,13,14,18,17,1,16,15,17,18,7,0,0,7,43,15,12,16,19,0,0,1,2,3,1,6,6,1,43,12,13,17,16,0,0,6,12,3,6,7,7,6,43,22,23,27,26,0,0,1,2,3,0,1,1,0,43,17,18,22,21,1,18,17,19,20,7,0,0,7,43,19,16,20,23,0,0,1,2,3,1,6,6,1,43,16,17,21,20,0,0,6,12,3,6,7,7,6,43,21,22,26,25,1,20,19,21,22,7,0,0,7,43,23,20,24,27,0,0,1,2,3,1,6,6,1,43,20,21,25,24,0,0,6,12,3,6,7,7,6],

	"bones" : [],

	"skinIndices" : [],

	"skinWeights" : [],

	"animations" : []


}
